frame,x0,y0,x1,y1,x2,y2,x3,y3,x4,y4,x5,y5,x6,y6,x7,y7,x8,y8,x9,y9,x10,y10,x11,y11,x12,y12,x13,y13,x14,y14,x15,y15,x16,y16
0,0.0,0.0,0.0,0.0,0.0,0.0,0.0,0.0,0.0,0.0,581.328125,128.8267364501953,490.28668212890625,103.99940490722656,557.7776489257812,200.50375366210938,512.383544921875,175.15280151367188,536.2496337890625,102.80445861816406,534.5721435546875,102.58915710449219,549.7578125,291.5769958496094,474.9884338378906,268.0840759277344,460.49285888671875,421.763916015625,337.4536437988281,358.1336669921875,515.4751586914062,585.2623901367188,389.01153564453125,500.61236572265625
1,0.0,0.0,0.0,0.0,0.0,0.0,0.0,0.0,0.0,0.0,581.4840087890625,129.3312225341797,490.8047180175781,104.25547790527344,557.433349609375,200.46937561035156,513.4425048828125,174.90557861328125,536.2626342773438,101.87197875976562,535.0693969726562,101.59492492675781,550.207275390625,291.4158020019531,475.5926818847656,267.7946472167969,460.562255859375,421.9438781738281,337.5320129394531,358.0926513671875,515.3494873046875,585.460693359375,388.8951721191406,500.70257568359375
2,0.0,0.0,0.0,0.0,0.0,0.0,0.0,0.0,0.0,0.0,605.9376220703125,227.60183715820312,539.835693359375,202.67764282226562,567.5151977539062,214.2642822265625,548.7703857421875,202.15081787109375,544.5595703125,106.62997436523438,543.0820922851562,105.79646301269531,541.4537963867188,308.42218017578125,479.6953125,281.665283203125,472.3855285644531,427.22357177734375,338.4224853515625,357.50604248046875,528.7802734375,583.466552734375,383.65789794921875,492.67181396484375
3,0.0,0.0,0.0,0.0,0.0,0.0,0.0,0.0,0.0,0.0,612.4309692382812,233.47698974609375,533.474365234375,211.79049682617188,572.5527954101562,213.9645538330078,527.1586303710938,205.8870391845703,555.5271606445312,114.45504760742188,547.883056640625,121.153076171875,563.1112060546875,313.7873840332031,494.69171142578125,289.2319641113281,483.74139404296875,425.73248291015625,351.3385314941406,360.74432373046875,532.5755615234375,585.099853515625,393.8187255859375,498.096923828125
4,0.0,0.0,0.0,0.0,0.0,0.0,0.0,0.0,0.0,0.0,733.899658203125,195.78765869140625,589.33349609375,173.28033447265625,750.8589477539062,250.70361328125,559.2161254882812,214.0631103515625,762.7415771484375,168.4684600830078,560.4520874023438,112.35552978515625,644.61767578125,301.92877197265625,538.6087646484375,275.4857482910156,481.58245849609375,407.0118713378906,357.9889831542969,355.3216552734375,529.7443237304688,595.6275024414062,425.3028564453125,520.1865234375
5,0.0,0.0,0.0,0.0,0.0,0.0,0.0,0.0,0.0,0.0,692.61181640625,186.3958740234375,534.9583129882812,161.23109436035156,764.0148315429688,269.66693115234375,535.6196899414062,220.66812133789062,783.7508544921875,172.22105407714844,560.760498046875,120.14471435546875,640.530029296875,303.9534606933594,527.8724365234375,277.20367431640625,487.43536376953125,409.1583557128906,355.849609375,356.69293212890625,536.6460571289062,597.9297485351562,424.6739501953125,519.5621337890625
6,0.0,0.0,0.0,0.0,0.0,0.0,0.0,0.0,0.0,0.0,676.7440795898438,162.66653442382812,532.8638916015625,147.15286254882812,778.807373046875,274.86492919921875,538.786865234375,236.87017822265625,783.2447509765625,172.262939453125,559.0972900390625,138.71441650390625,651.7090454101562,295.1621398925781,557.8203125,276.1064758300781,476.0556640625,387.578125,408.95782470703125,358.04766845703125,505.0328369140625,590.9163818359375,479.2291259765625,543.0479125976562
7,0.0,0.0,0.0,0.0,0.0,0.0,0.0,0.0,0.0,0.0,693.4259033203125,193.43728637695312,539.9469604492188,174.21450805664062,778.127197265625,284.2323303222656,534.2486572265625,245.71914672851562,781.6349487304688,178.2015380859375,558.858154296875,145.34234619140625,652.5572509765625,299.2350769042969,552.7655029296875,278.205810546875,464.42547607421875,397.73114013671875,395.04559326171875,368.01141357421875,491.1426086425781,591.6494750976562,473.31927490234375,547.2671508789062
8,0.0,0.0,0.0,0.0,0.0,0.0,0.0,0.0,0.0,0.0,603.6839599609375,197.55245971679688,517.2861328125,175.43240356445312,569.87646484375,238.59405517578125,535.450439453125,226.96163940429688,562.9730224609375,150.6776123046875,564.9765625,150.94573974609375,572.9271240234375,313.1204528808594,499.0545959472656,290.69073486328125,499.4432678222656,429.21868896484375,366.87359619140625,362.89227294921875,547.0643310546875,586.1478271484375,418.51922607421875,497.58642578125
9,0.0,0.0,0.0,0.0,0.0,0.0,0.0,0.0,0.0,0.0,619.8101806640625,196.8212432861328,532.5389404296875,175.619140625,568.9754638671875,243.57537841796875,533.3143310546875,234.1796875,564.3787231445312,152.06491088867188,563.7725219726562,156.4117889404297,579.8052978515625,313.62353515625,505.0105285644531,290.97955322265625,502.18572998046875,429.4234619140625,371.50433349609375,362.4101867675781,547.5243530273438,585.918701171875,417.7992858886719,495.9483642578125
10,0.0,0.0,0.0,0.0,0.0,0.0,0.0,0.0,0.0,0.0,612.77392578125,176.4139404296875,529.9014892578125,162.73263549804688,571.54443359375,245.47442626953125,539.8280639648438,240.60952758789062,563.14453125,163.23910522460938,565.41552734375,161.92071533203125,583.7210693359375,313.3749084472656,512.7008056640625,293.7276611328125,503.4000244140625,427.2584533691406,377.5777587890625,364.03021240234375,550.6434326171875,588.28759765625,419.2296447753906,498.486083984375
11,0.0,0.0,0.0,0.0,0.0,0.0,0.0,0.0,0.0,0.0,629.6688232421875,224.88909912109375,545.7628173828125,214.16143798828125,568.9356079101562,252.08673095703125,538.759765625,255.90582275390625,562.2860717773438,172.21766662597656,565.5345458984375,174.2100067138672,616.0313720703125,300.10260009765625,542.05126953125,282.9098205566406,486.69097900390625,410.0023498535156,370.36517333984375,361.3784484863281,557.4854736328125,593.7222900390625,435.1286926269531,515.1671752929688
12,0.0,0.0,0.0,0.0,0.0,0.0,0.0,0.0,0.0,0.0,623.9552612304688,266.54180908203125,539.0325317382812,253.57345581054688,569.6528930664062,246.83255004882812,538.4839477539062,252.86648559570312,565.3363647460938,173.80162048339844,565.2249755859375,179.48875427246094,617.4396362304688,294.03155517578125,541.5111694335938,275.3961181640625,493.2113952636719,415.032958984375,371.13763427734375,364.263427734375,559.4146728515625,587.7852172851562,433.80572509765625,507.2939453125
13,0.0,0.0,0.0,0.0,0.0,0.0,0.0,0.0,0.0,0.0,608.51953125,288.9353942871094,524.7432861328125,278.1067810058594,566.6987915039062,238.5567626953125,534.5999755859375,251.5701904296875,568.6920166015625,179.5322265625,569.3753662109375,184.9984588623047,604.9972534179688,293.0526428222656,529.7720336914062,276.0890808105469,495.6768798828125,423.33734130859375,372.02056884765625,374.6138610839844,558.7969360351562,588.66259765625,430.90765380859375,509.6326904296875
14,0.0,0.0,0.0,0.0,0.0,0.0,0.0,0.0,0.0,0.0,601.67431640625,292.7308349609375,519.3484497070312,283.8603820800781,568.1485595703125,241.1405029296875,532.7611083984375,254.01229858398438,571.0980224609375,186.12039184570312,569.7620849609375,190.950927734375,598.1044921875,301.5171813964844,523.2078247070312,285.6412658691406,494.4909973144531,425.29510498046875,368.79229736328125,378.4305419921875,565.8519897460938,589.2933349609375,428.992431640625,510.275390625
15,0.0,0.0,0.0,0.0,0.0,0.0,0.0,0.0,0.0,0.0,605.8411865234375,287.08416748046875,530.4111328125,271.01617431640625,565.00634765625,246.76467895507812,536.6852416992188,260.02703857421875,572.3418579101562,191.4645233154297,573.4326782226562,197.200439453125,578.331298828125,313.88458251953125,507.8662109375,292.2635803222656,514.8136596679688,436.6766052246094,366.05401611328125,367.33587646484375,573.8662109375,593.6990966796875,418.46295166015625,492.2752685546875
16,0.0,0.0,0.0,0.0,0.0,0.0,0.0,0.0,0.0,0.0,600.0050048828125,269.82000732421875,523.898193359375,253.55050659179688,561.5343627929688,252.34100341796875,535.5086669921875,264.1695556640625,570.2615966796875,197.88656616210938,570.8203735351562,202.4847412109375,575.8463134765625,320.0394287109375,505.5906982421875,299.29888916015625,517.7528076171875,437.5086669921875,369.0340270996094,369.0557556152344,574.5835571289062,592.9468994140625,420.46337890625,493.50286865234375
17,0.0,0.0,0.0,0.0,0.0,0.0,0.0,0.0,0.0,0.0,623.4186401367188,274.82794189453125,551.0116577148438,265.1435546875,583.0328369140625,253.65914916992188,530.6112060546875,258.642333984375,554.3778076171875,191.65301513671875,576.4666748046875,202.35638427734375,633.4462890625,286.3808288574219,570.358154296875,273.8354187011719,499.5298156738281,410.6252136230469,414.55328369140625,386.92803955078125,543.5997314453125,580.515869140625,449.66796875,535.7496337890625
18,0.0,0.0,0.0,0.0,0.0,0.0,0.0,0.0,0.0,0.0,610.9080200195312,267.36920166015625,526.115478515625,249.54714965820312,568.390869140625,250.24749755859375,538.1023559570312,263.83270263671875,570.6146240234375,205.58885192871094,571.8597412109375,213.7762451171875,583.3634033203125,317.8572998046875,507.58819580078125,295.0771789550781,519.7061767578125,441.03948974609375,364.3553771972656,367.79888916015625,573.6071166992188,596.8045654296875,419.7474060058594,493.0799560546875
19,0.0,0.0,0.0,0.0,0.0,0.0,0.0,0.0,0.0,0.0,615.4684448242188,264.4482116699219,526.3895874023438,244.68453979492188,571.8819580078125,251.67633056640625,533.9296875,262.8936462402344,572.7531127929688,208.9713592529297,571.6571655273438,218.2149200439453,582.9541015625,320.55169677734375,504.95452880859375,296.85015869140625,520.9008178710938,441.5091552734375,363.0956726074219,366.2616271972656,573.9547729492188,598.3182373046875,420.8054504394531,492.8377685546875
20,0.0,0.0,0.0,0.0,0.0,0.0,0.0,0.0,0.0,0.0,624.26025390625,251.5718994140625,0.0,0.0,593.9921264648438,254.22967529296875,538.6857299804688,253.2008056640625,579.0157470703125,209.4305877685547,583.676513671875,216.41217041015625,590.759033203125,323.3382263183594,508.688232421875,299.7138671875,523.859130859375,444.8016052246094,374.1995849609375,376.29180908203125,555.9073486328125,595.46337890625,423.11712646484375,505.54443359375
21,0.0,0.0,0.0,0.0,0.0,0.0,0.0,0.0,0.0,0.0,626.3329467773438,259.3325500488281,0.0,0.0,603.6769409179688,257.12347412109375,537.58740234375,256.4540710449219,580.2631225585938,220.04867553710938,583.6458129882812,224.60244750976562,591.7098388671875,325.6163024902344,507.39105224609375,302.1936950683594,527.848876953125,444.6022033691406,374.29522705078125,374.82635498046875,559.6165161132812,597.8243408203125,422.843017578125,503.4202880859375
22,0.0,0.0,0.0,0.0,0.0,0.0,0.0,0.0,0.0,0.0,0.0,0.0,0.0,0.0,0.0,0.0,0.0,0.0,0.0,0.0,0.0,0.0,595.5088500976562,310.0099182128906,519.3751831054688,287.72930908203125,524.0034790039062,432.5234680175781,381.89501953125,376.01470947265625,580.9612426757812,581.83984375,425.96832275390625,504.4361572265625
23,0.0,0.0,0.0,0.0,0.0,0.0,0.0,0.0,0.0,0.0,0.0,0.0,0.0,0.0,0.0,0.0,0.0,0.0,0.0,0.0,0.0,0.0,596.2200317382812,316.4571228027344,512.8468017578125,295.8140869140625,527.6885986328125,432.328857421875,380.7044982910156,378.42718505859375,580.2117309570312,583.6088256835938,424.9888916015625,506.95782470703125
24,0.0,0.0,0.0,0.0,0.0,0.0,0.0,0.0,0.0,0.0,0.0,0.0,0.0,0.0,0.0,0.0,0.0,0.0,0.0,0.0,0.0,0.0,597.4682006835938,316.13482666015625,513.1436767578125,295.46600341796875,527.8920288085938,434.0357971191406,380.68896484375,380.2979736328125,580.7885131835938,585.7774047851562,424.7700500488281,508.53546142578125
25,0.0,0.0,0.0,0.0,0.0,0.0,0.0,0.0,0.0,0.0,625.9942626953125,269.26605224609375,516.6953125,247.03378295898438,610.1009521484375,275.5809631347656,510.6570739746094,266.4171447753906,581.193603515625,238.3204345703125,575.950927734375,239.710205078125,587.4296875,332.6551818847656,497.163330078125,310.4140625,532.7752075195312,443.5795593261719,373.42156982421875,377.6595764160156,564.7916259765625,601.6552734375,420.45306396484375,509.098388671875
26,0.0,0.0,0.0,0.0,0.0,0.0,0.0,0.0,0.0,0.0,622.091796875,269.817626953125,517.6596069335938,244.36590576171875,605.6824951171875,281.18780517578125,505.9681701660156,266.8751525878906,579.528564453125,241.94943237304688,573.3523559570312,242.521484375,580.3709716796875,341.1279602050781,494.124267578125,318.6168212890625,532.8233032226562,446.4474182128906,376.1104736328125,379.59417724609375,566.06982421875,602.46875,420.72137451171875,507.5306396484375
27,0.0,0.0,0.0,0.0,0.0,0.0,0.0,0.0,0.0,0.0,623.5791015625,273.0556335449219,517.384765625,248.078369140625,607.5562133789062,279.0320739746094,505.92706298828125,268.1356201171875,578.8067626953125,242.156494140625,572.5521240234375,244.2784423828125,585.316162109375,338.4827880859375,497.6856689453125,315.39105224609375,534.9312133789062,450.0075378417969,375.2436218261719,380.4976806640625,565.4854736328125,606.810791015625,419.658935546875,507.532958984375
28,0.0,0.0,0.0,0.0,0.0,0.0,0.0,0.0,0.0,0.0,620.1975708007812,275.52020263671875,518.0689697265625,249.12957763671875,604.0291137695312,282.36505126953125,506.93316650390625,270.1700439453125,577.71630859375,244.12786865234375,571.6524658203125,246.556640625,581.227783203125,341.0530090332031,496.097900390625,317.3311462402344,533.9029541015625,452.2441711425781,374.622314453125,381.2266540527344,566.1390380859375,608.7246704101562,418.4480285644531,507.75787353515625
29,0.0,0.0,0.0,0.0,0.0,0.0,0.0,0.0,0.0,0.0,625.352783203125,273.210693359375,519.9487915039062,250.2891845703125,608.154541015625,278.76531982421875,510.20208740234375,271.6324157714844,578.9202880859375,244.53619384765625,573.6510620117188,247.91665649414062,583.5126342773438,337.71795654296875,496.2601318359375,314.7870788574219,534.22119140625,452.11798095703125,375.1291198730469,381.449462890625,567.348388671875,610.3803100585938,419.9356384277344,508.42236328125
30,0.0,0.0,0.0,0.0,0.0,0.0,0.0,0.0,0.0,0.0,627.7653198242188,270.1885986328125,518.0994873046875,250.90194702148438,617.2525024414062,278.79718017578125,507.07806396484375,274.10357666015625,576.9453735351562,247.41964721679688,570.7377319335938,248.35955810546875,579.049560546875,341.34832763671875,489.82568359375,319.77276611328125,533.0838623046875,449.7053527832031,372.4401550292969,382.2375183105469,566.1558227539062,609.7416381835938,418.88653564453125,510.491943359375
31,0.0,0.0,0.0,0.0,0.0,0.0,0.0,0.0,0.0,0.0,628.3253784179688,282.9184265136719,530.1956176757812,268.22491455078125,598.7605590820312,284.9554443359375,530.7003173828125,285.8544006347656,567.2367553710938,239.47015380859375,571.6419067382812,243.70114135742188,612.6134643554688,329.8442077636719,529.815185546875,310.227783203125,509.91162109375,431.553466796875,361.7676696777344,375.0356750488281,579.879638671875,611.54150390625,426.91546630859375,523.4127197265625
32,0.0,0.0,0.0,0.0,0.0,0.0,0.0,0.0,0.0,0.0,0.0,0.0,0.0,0.0,0.0,0.0,0.0,0.0,0.0,0.0,0.0,0.0,602.5358276367188,322.424072265625,518.7484741210938,302.71234130859375,527.4616088867188,444.6261901855469,377.1235046386719,385.70477294921875,581.9340209960938,597.3576049804688,418.74334716796875,510.8839111328125
33,0.0,0.0,0.0,0.0,0.0,0.0,0.0,0.0,0.0,0.0,711.4990844726562,295.03167724609375,614.0759887695312,277.636474609375,677.155517578125,293.8349304199219,554.5446166992188,271.1044616699219,615.7155151367188,244.35791015625,565.955810546875,223.43991088867188,653.8529052734375,316.345703125,579.6806640625,296.8194274902344,502.243896484375,427.47186279296875,417.62249755859375,398.4043884277344,537.52099609375,598.0,457.6383056640625,552.2070922851562
34,767.0416870117188,322.2645263671875,0.0,0.0,0.0,0.0,0.0,0.0,0.0,0.0,787.0867309570312,321.44842529296875,678.595458984375,286.4512023925781,815.2777099609375,353.73614501953125,563.75634765625,261.3124694824219,808.7569580078125,352.565185546875,554.4149169921875,207.3363037109375,633.0589599609375,329.4009094238281,559.7120971679688,303.47882080078125,504.75927734375,430.70318603515625,415.92230224609375,403.1417541503906,538.1244506835938,588.5472412109375,437.1882019042969,546.8289794921875
35,766.8742065429688,310.40399169921875,0.0,0.0,0.0,0.0,0.0,0.0,0.0,0.0,785.09912109375,311.9796447753906,668.6682739257812,282.6158447265625,799.7227172851562,336.7532043457031,555.3230590820312,267.00048828125,818.0880126953125,338.77801513671875,554.9641723632812,203.3173065185547,639.3325805664062,327.1178283691406,561.1688232421875,304.36724853515625,498.62371826171875,429.491455078125,408.7163391113281,402.8660583496094,522.9933471679688,592.5012817382812,436.34039306640625,550.7752075195312
36,0.0,0.0,0.0,0.0,0.0,0.0,0.0,0.0,0.0,0.0,0.0,0.0,0.0,0.0,594.1615600585938,276.4698486328125,530.0366821289062,259.04241943359375,568.761962890625,204.60641479492188,0.0,0.0,589.5487670898438,328.01422119140625,514.8350219726562,307.5118408203125,513.0455322265625,446.4080810546875,372.13427734375,391.30133056640625,571.6881103515625,601.0490112304688,413.12823486328125,524.8627319335938
37,0.0,0.0,0.0,0.0,0.0,0.0,0.0,0.0,0.0,0.0,0.0,0.0,0.0,0.0,597.5709838867188,268.04754638671875,0.0,0.0,582.052734375,192.15927124023438,0.0,0.0,591.13623046875,325.00213623046875,513.1066284179688,304.0612487792969,513.4762573242188,449.03369140625,368.38568115234375,392.3116760253906,568.830810546875,601.3609619140625,408.53216552734375,522.530517578125
38,0.0,0.0,0.0,0.0,0.0,0.0,0.0,0.0,0.0,0.0,0.0,0.0,0.0,0.0,629.614990234375,271.8823547363281,0.0,0.0,612.0104370117188,187.36611938476562,0.0,0.0,597.5606079101562,327.4686279296875,516.7284545898438,302.8370361328125,508.69012451171875,450.65093994140625,369.63128662109375,391.6695556640625,560.076171875,604.6878662109375,403.9177551269531,525.50439453125
39,0.0,0.0,0.0,0.0,0.0,0.0,0.0,0.0,0.0,0.0,0.0,0.0,0.0,0.0,0.0,0.0,542.8460693359375,235.8480224609375,615.1240234375,183.289794921875,0.0,0.0,589.6116943359375,328.35699462890625,508.9273376464844,303.95794677734375,506.92535400390625,454.50384521484375,365.67108154296875,395.48681640625,557.544677734375,607.128662109375,400.45281982421875,526.7540283203125
40,0.0,0.0,0.0,0.0,0.0,0.0,0.0,0.0,0.0,0.0,0.0,0.0,0.0,0.0,635.7991943359375,246.654296875,527.1294555664062,219.473388671875,631.6575317382812,171.88934326171875,0.0,0.0,589.4590454101562,328.7890930175781,503.8603210449219,307.30889892578125,512.8761596679688,457.11114501953125,362.19647216796875,399.9692077636719,556.722412109375,607.2744140625,402.1209411621094,526.2245483398438
41,0.0,0.0,0.0,0.0,0.0,0.0,0.0,0.0,0.0,0.0,0.0,0.0,0.0,0.0,620.8373413085938,242.06109619140625,531.6296997070312,211.10757446289062,592.4065551757812,156.43316650390625,570.1837768554688,136.54562377929688,586.9075317382812,329.61907958984375,505.969482421875,306.09332275390625,507.65985107421875,459.4241943359375,359.5557861328125,398.853271484375,553.0596313476562,612.4485473632812,393.5780944824219,527.2201538085938
42,0.0,0.0,0.0,0.0,0.0,0.0,0.0,0.0,0.0,0.0,624.9862060546875,264.58087158203125,537.44970703125,237.51129150390625,629.482666015625,239.26751708984375,551.9877319335938,209.08078002929688,597.5921630859375,153.88027954101562,577.5994873046875,153.41552734375,583.997314453125,317.70233154296875,509.52886962890625,290.1814880371094,504.9258117675781,460.8238220214844,357.08404541015625,394.30413818359375,551.8591918945312,617.519775390625,381.933349609375,527.4232788085938
43,0.0,0.0,0.0,0.0,0.0,0.0,0.0,0.0,0.0,0.0,633.8167724609375,244.73526000976562,552.46630859375,220.63290405273438,616.0950927734375,227.0172119140625,556.2855834960938,208.181396484375,578.5222778320312,150.83346557617188,571.728515625,162.34622192382812,583.27099609375,314.164794921875,512.3851928710938,287.843505859375,507.05072021484375,464.0126953125,361.5221252441406,399.92962646484375,550.1923828125,619.61767578125,377.6671142578125,534.2852783203125
44,0.0,0.0,0.0,0.0,0.0,0.0,0.0,0.0,0.0,0.0,623.5597534179688,265.98046875,539.5733032226562,249.3223876953125,567.884521484375,206.82423400878906,547.1488037109375,215.42236328125,553.8443603515625,117.45411682128906,560.219482421875,115.36138916015625,573.1571044921875,332.7720031738281,494.72296142578125,307.4832763671875,503.274658203125,477.3105163574219,343.43475341796875,400.38232421875,554.4508056640625,646.027587890625,386.373046875,536.6210327148438
45,0.0,0.0,0.0,0.0,0.0,0.0,0.0,0.0,0.0,0.0,677.377685546875,289.577880859375,608.6917724609375,271.82147216796875,576.8131103515625,202.02745056152344,572.1282958984375,211.93797302246094,555.348876953125,110.82742309570312,557.926513671875,113.5673828125,576.349609375,327.0267639160156,505.05035400390625,300.2547607421875,490.642333984375,478.6835021972656,340.61553955078125,403.4335021972656,552.7490234375,649.2952880859375,372.96295166015625,542.6826171875
46,0.0,0.0,0.0,0.0,0.0,0.0,0.0,0.0,0.0,0.0,574.642822265625,320.00408935546875,499.2625732421875,307.0549621582031,576.5639038085938,204.8592987060547,547.7293090820312,208.80262756347656,559.1483764648438,89.53286743164062,559.8873901367188,102.55191040039062,579.8319091796875,319.8227233886719,505.6451721191406,295.55010986328125,487.1393127441406,479.4788513183594,326.4412841796875,411.7104797363281,555.0632934570312,649.373291015625,370.602783203125,552.8792724609375
47,0.0,0.0,0.0,0.0,0.0,0.0,0.0,0.0,0.0,0.0,566.1484985351562,315.9923400878906,486.0470886230469,303.7511901855469,576.1555786132812,209.47055053710938,544.2483520507812,214.31378173828125,550.5159912109375,95.95407104492188,554.5231323242188,102.35818481445312,569.2977905273438,327.2795715332031,492.5193786621094,303.003173828125,483.1756286621094,482.4716796875,322.1780700683594,412.6062316894531,550.6057739257812,649.075439453125,374.04473876953125,549.3070678710938
48,0.0,0.0,0.0,0.0,0.0,0.0,0.0,0.0,0.0,0.0,607.23583984375,301.7732238769531,532.4298095703125,285.3168640136719,561.3441162109375,199.08224487304688,540.09423828125,207.23544311523438,544.9345092773438,106.52149963378906,547.8917236328125,108.70603942871094,562.4037475585938,331.0452575683594,489.0411071777344,305.2193908691406,486.70361328125,481.64190673828125,327.36322021484375,407.4465637207031,546.8289184570312,653.61865234375,369.4236755371094,547.736328125
49,0.0,0.0,0.0,0.0,0.0,0.0,0.0,0.0,0.0,0.0,608.783447265625,281.2447509765625,534.7593383789062,263.09075927734375,541.5537719726562,211.76243591308594,530.4326782226562,224.5580291748047,538.1993408203125,118.54412841796875,534.7447509765625,126.07060241699219,562.7584838867188,339.78668212890625,490.5382080078125,314.8388671875,481.8714904785156,479.3884582519531,323.93939208984375,404.6722412109375,551.635009765625,651.1561889648438,370.11138916015625,543.146728515625
50,0.0,0.0,0.0,0.0,0.0,0.0,0.0,0.0,0.0,0.0,590.0352783203125,289.5290222167969,509.5065002441406,277.85247802734375,541.534423828125,208.52734375,528.6719970703125,228.83543395996094,530.0508422851562,130.2008514404297,523.3270874023438,132.0724334716797,555.0543212890625,346.0214538574219,480.9298400878906,322.3650207519531,474.22900390625,487.7715148925781,320.5581970214844,411.6646423339844,537.1685791015625,655.380859375,373.4085998535156,544.2862548828125
51,0.0,0.0,0.0,0.0,0.0,0.0,0.0,0.0,0.0,0.0,593.1227416992188,265.6732177734375,489.5283203125,247.47702026367188,562.6152954101562,221.9224395751953,503.8287048339844,226.91744995117188,519.893798828125,146.0884246826172,524.171875,147.2270050048828,546.6041259765625,363.73602294921875,458.0061340332031,336.11932373046875,497.864013671875,500.6737060546875,329.6044006347656,408.42425537109375,529.1233520507812,664.4887084960938,372.7349548339844,535.399169921875
52,0.0,0.0,0.0,0.0,0.0,0.0,0.0,0.0,0.0,0.0,578.0825805664062,270.73773193359375,477.21282958984375,258.5586853027344,553.43310546875,220.01210021972656,496.9000244140625,229.51055908203125,525.3269653320312,148.15684509277344,525.630859375,150.90980529785156,534.8492431640625,357.88397216796875,449.5706481933594,335.8294677734375,488.6940612792969,495.95343017578125,328.8821716308594,419.10089111328125,531.142822265625,656.002685546875,364.8131408691406,546.6260986328125
53,0.0,0.0,0.0,0.0,0.0,0.0,0.0,0.0,0.0,0.0,574.11865234375,271.1793212890625,468.4697265625,259.31292724609375,546.5606079101562,216.25674438476562,486.8535461425781,232.15438842773438,522.1270751953125,154.10243225097656,530.2745361328125,152.32223510742188,533.259521484375,362.6672668457031,443.0713806152344,339.63287353515625,496.20330810546875,502.283935546875,325.4642333984375,415.4008483886719,526.6324462890625,665.7353515625,365.2098693847656,538.7708740234375
54,0.0,0.0,0.0,0.0,0.0,0.0,0.0,0.0,0.0,0.0,567.43798828125,268.3653259277344,466.29571533203125,253.58245849609375,549.1101684570312,243.86770629882812,494.1772155761719,250.30300903320312,520.7053833007812,162.49502563476562,527.102783203125,156.1456298828125,534.2809448242188,361.39447021484375,447.1448974609375,336.7120361328125,493.560546875,502.07611083984375,324.7523193359375,416.2656555175781,525.8070678710938,664.634765625,362.7868957519531,542.1734619140625
55,0.0,0.0,0.0,0.0,0.0,0.0,0.0,0.0,0.0,0.0,548.895751953125,330.24884033203125,450.9713134765625,319.3906555175781,525.9865112304688,238.39959716796875,477.6217346191406,256.8502502441406,519.2644653320312,153.1170654296875,524.9191284179688,167.86863708496094,566.0916137695312,340.1006164550781,478.7904052734375,319.86773681640625,472.4237060546875,487.92718505859375,315.37945556640625,423.3404541015625,530.539306640625,652.7636108398438,365.8429870605469,549.9774780273438
56,0.0,0.0,0.0,0.0,0.0,0.0,0.0,0.0,0.0,0.0,590.6912841796875,357.2015075683594,510.987548828125,341.4112548828125,512.7828979492188,270.52703857421875,496.1249694824219,283.66912841796875,506.5815734863281,168.60040283203125,528.7440185546875,195.89300537109375,558.7343139648438,336.83038330078125,479.9611511230469,315.25225830078125,461.9762268066406,487.1044006347656,326.9342041015625,432.0167236328125,519.3377075195312,645.0859375,356.75897216796875,556.85302734375
57,0.0,0.0,0.0,0.0,0.0,0.0,0.0,0.0,0.0,0.0,618.3313598632812,347.6897888183594,573.2174072265625,337.1251525878906,506.3831481933594,276.51678466796875,502.2436828613281,291.1117248535156,505.58477783203125,182.6702423095703,512.941650390625,203.03392028808594,554.8002319335938,326.4722595214844,498.17401123046875,309.07550048828125,453.9195251464844,476.5784606933594,336.15631103515625,439.0216064453125,522.6296997070312,649.8388061523438,350.96807861328125,587.4148559570312
58,0.0,0.0,0.0,0.0,0.0,0.0,0.0,0.0,0.0,0.0,549.0902709960938,360.6936950683594,486.4351806640625,347.3729248046875,501.74066162109375,289.174072265625,471.420166015625,301.2642822265625,509.5821228027344,199.31704711914062,507.56585693359375,215.69178771972656,559.6970825195312,331.2052917480469,495.1547546386719,312.6280517578125,466.2934265136719,486.47161865234375,330.1418762207031,437.48291015625,530.0653076171875,653.654052734375,356.4349060058594,575.620849609375
59,0.0,0.0,0.0,0.0,0.0,0.0,0.0,0.0,0.0,0.0,543.9673461914062,369.4072570800781,497.1004638671875,359.5931091308594,500.7673034667969,292.86761474609375,482.29083251953125,309.24005126953125,505.166748046875,195.7466583251953,509.09320068359375,213.83570861816406,557.6930541992188,325.53778076171875,503.45599365234375,309.1968994140625,464.0223693847656,483.0187683105469,337.79644775390625,443.1366882324219,526.9761962890625,647.4384765625,356.130859375,583.7869873046875
60,0.0,0.0,0.0,0.0,0.0,0.0,0.0,0.0,0.0,0.0,552.8368530273438,360.0724182128906,507.9216613769531,350.622802734375,490.78326416015625,295.49261474609375,476.7865295410156,313.2679748535156,504.5072326660156,206.2886505126953,504.11883544921875,224.7655487060547,557.2066650390625,333.84527587890625,503.0899658203125,317.1938171386719,462.9635314941406,482.17626953125,330.2607727050781,438.7300720214844,536.2607421875,650.6282348632812,352.8673095703125,578.7608642578125
61,0.0,0.0,0.0,0.0,0.0,0.0,0.0,0.0,0.0,0.0,571.5941162109375,359.063232421875,537.500244140625,356.2839050292969,490.7864685058594,302.17388916015625,507.3492431640625,335.315185546875,501.3998107910156,211.32066345214844,534.1647338867188,240.433837890625,545.8560180664062,336.87017822265625,496.9881896972656,322.4623107910156,456.6401672363281,480.95318603515625,330.1882629394531,443.517578125,530.27734375,648.280029296875,351.80364990234375,585.419921875
62,0.0,0.0,0.0,0.0,0.0,0.0,0.0,0.0,0.0,0.0,604.5062866210938,355.83502197265625,556.6712646484375,345.08929443359375,526.0203247070312,312.67730712890625,537.24560546875,334.9365234375,541.0437622070312,223.07562255859375,577.8369140625,256.0404052734375,553.4846801757812,342.37762451171875,494.45452880859375,323.0612487792969,456.4990539550781,482.8115539550781,324.85491943359375,435.74798583984375,526.875244140625,652.20703125,348.5021057128906,577.8375244140625
63,0.0,0.0,0.0,0.0,0.0,0.0,0.0,0.0,0.0,0.0,583.5770263671875,362.0973205566406,519.473388671875,345.8338623046875,500.0409240722656,317.07379150390625,482.4601135253906,328.951904296875,504.3093566894531,223.03414916992188,514.2894897460938,244.14990234375,549.0778198242188,352.634765625,480.76422119140625,331.3611755371094,463.6458740234375,488.63885498046875,317.30731201171875,434.1260070800781,533.8157958984375,653.2349853515625,347.6744689941406,568.5885620117188
64,0.0,0.0,0.0,0.0,0.0,0.0,0.0,0.0,0.0,0.0,599.3687744140625,336.0076599121094,523.850830078125,314.0003662109375,545.0485229492188,312.1484680175781,503.4838562011719,316.7505798339844,550.3375244140625,224.12527465820312,550.626220703125,248.93728637695312,564.8435668945312,346.9888610839844,490.73095703125,322.0393981933594,479.319580078125,491.02862548828125,324.3392333984375,425.2475891113281,537.2548217773438,661.9862060546875,350.3550720214844,563.2809448242188
65,0.0,0.0,0.0,0.0,0.0,0.0,0.0,0.0,0.0,0.0,567.4885864257812,345.4999694824219,489.2520446777344,326.44976806640625,515.8743286132812,303.3803405761719,484.4679260253906,317.3475341796875,510.4119873046875,221.75375366210938,544.602783203125,252.96463012695312,561.6658935546875,340.1004638671875,484.244873046875,317.364013671875,487.39691162109375,494.9091796875,324.23870849609375,429.9632873535156,544.0527954101562,662.5061645507812,353.3751220703125,564.7611694335938
66,0.0,0.0,0.0,0.0,0.0,0.0,0.0,0.0,0.0,0.0,582.3516235351562,339.25677490234375,488.14959716796875,315.1709289550781,531.1932373046875,291.5120849609375,467.16693115234375,303.41510009765625,519.92431640625,221.6949005126953,523.12158203125,247.63037109375,561.2606201171875,353.75640869140625,474.3985595703125,326.5572204589844,498.8533020019531,505.1622314453125,314.8851318359375,426.7643127441406,539.4497680664062,669.6702880859375,347.977294921875,560.090087890625
67,0.0,0.0,0.0,0.0,0.0,0.0,0.0,0.0,0.0,0.0,548.7962036132812,352.15032958984375,460.9865417480469,331.1153259277344,503.9862365722656,301.25091552734375,463.6325988769531,313.4753112792969,497.6923828125,229.4914093017578,529.2523193359375,254.33502197265625,566.0399169921875,340.9832763671875,482.4894714355469,318.606201171875,496.4394836425781,500.77801513671875,325.0342102050781,431.15496826171875,551.0106811523438,668.3192138671875,360.930908203125,562.381103515625
68,0.0,0.0,0.0,0.0,0.0,0.0,0.0,0.0,0.0,0.0,547.8837280273438,359.3739318847656,461.37274169921875,335.845703125,509.1593933105469,312.2465515136719,463.66546630859375,313.46160888671875,493.2984619140625,240.2274169921875,522.5516357421875,260.2537841796875,571.0472412109375,342.3590087890625,488.70855712890625,319.1282958984375,496.9851989746094,499.292236328125,327.57879638671875,433.0086669921875,553.49658203125,665.8787841796875,361.5537109375,567.16455078125
69,0.0,0.0,0.0,0.0,0.0,0.0,0.0,0.0,0.0,0.0,529.1480102539062,353.8005065917969,428.5078430175781,332.1888732910156,514.5535888671875,301.89935302734375,439.40460205078125,306.7606201171875,493.5381774902344,243.00421142578125,516.507568359375,260.9266357421875,571.1253051757812,344.9032287597656,480.8037109375,323.7161560058594,507.5854797363281,503.38690185546875,327.6779479980469,435.1748046875,555.1732788085938,669.826416015625,361.8037109375,562.55517578125
70,0.0,0.0,0.0,0.0,0.0,0.0,0.0,0.0,0.0,0.0,535.6253662109375,345.3147888183594,436.86004638671875,325.2425537109375,511.2886657714844,298.0692443847656,433.04388427734375,305.9875183105469,499.982421875,247.1468505859375,504.6817626953125,262.8257141113281,574.5172119140625,346.0710754394531,486.058837890625,326.10760498046875,505.0499572753906,496.6759033203125,326.733154296875,429.0245056152344,556.1732177734375,670.7969970703125,360.9732971191406,560.3079833984375
71,0.0,0.0,0.0,0.0,0.0,0.0,0.0,0.0,0.0,0.0,541.7144165039062,335.2548522949219,438.5070495605469,315.365234375,506.400146484375,301.0773010253906,426.87493896484375,307.29571533203125,495.4754638671875,254.97378540039062,503.3338928222656,265.07574462890625,574.4561157226562,350.65301513671875,483.9457702636719,331.5245361328125,505.2384033203125,495.45953369140625,327.7372131347656,428.2124938964844,555.9698486328125,672.18603515625,364.4346008300781,560.8681030273438
72,0.0,0.0,0.0,0.0,0.0,0.0,0.0,0.0,0.0,0.0,551.882568359375,337.8855895996094,451.7510681152344,314.09283447265625,506.70318603515625,305.89727783203125,441.3375244140625,311.30303955078125,497.0404357910156,254.436767578125,509.8167419433594,266.5553894042969,578.1466064453125,351.67803955078125,488.9407043457031,329.3813171386719,507.0973815917969,498.66156005859375,327.3858642578125,424.522216796875,555.3643188476562,675.4551391601562,364.39068603515625,559.239013671875
73,0.0,0.0,0.0,0.0,0.0,0.0,0.0,0.0,0.0,0.0,555.168212890625,326.22613525390625,459.0147705078125,303.2939147949219,505.9430847167969,306.7060546875,436.79058837890625,310.737548828125,500.0027770996094,258.4058837890625,504.7313537597656,268.49615478515625,582.6270141601562,350.6802978515625,496.4801025390625,330.4585266113281,509.0276184082031,492.57733154296875,329.159423828125,425.6127014160156,560.991455078125,672.6408081054688,363.1966552734375,566.0335693359375
74,0.0,0.0,0.0,0.0,0.0,0.0,0.0,0.0,0.0,0.0,554.3767700195312,325.2423095703125,457.2538757324219,302.6223449707031,506.78436279296875,306.3236083984375,437.12286376953125,311.3305969238281,500.1112060546875,260.45989990234375,502.72125244140625,270.43817138671875,584.5806274414062,351.4835510253906,498.0766296386719,331.57330322265625,509.6637878417969,492.0179443359375,330.2143859863281,425.6572570800781,558.690673828125,674.012939453125,364.0137634277344,568.4708862304688
75,0.0,0.0,0.0,0.0,0.0,0.0,0.0,0.0,0.0,0.0,556.080322265625,336.13385009765625,467.8214111328125,314.854736328125,502.2490234375,303.67083740234375,447.29437255859375,313.3709716796875,497.81610107421875,260.34063720703125,509.2810974121094,273.2008056640625,585.926513671875,344.850341796875,504.0708923339844,323.86895751953125,505.9185485839844,492.8665771484375,330.22119140625,423.05615234375,560.5933837890625,679.2906494140625,364.45623779296875,568.4763793945312
76,0.0,0.0,0.0,0.0,0.0,0.0,0.0,0.0,0.0,0.0,558.6578369140625,332.0773010253906,471.34600830078125,312.9408874511719,501.04888916015625,307.290283203125,454.92047119140625,321.55316162109375,496.8907470703125,257.67645263671875,515.7986450195312,271.96392822265625,582.4379272460938,344.6534423828125,500.5274963378906,324.8510437011719,504.67333984375,491.594482421875,328.60589599609375,425.18792724609375,561.2443237304688,676.3126220703125,364.32647705078125,571.3709106445312
77,0.0,0.0,0.0,0.0,0.0,0.0,0.0,0.0,0.0,0.0,565.8990478515625,361.7263488769531,485.707275390625,336.5483093261719,504.4638366699219,318.5938720703125,482.830810546875,323.7583312988281,497.1302795410156,250.74908447265625,539.8065795898438,268.72998046875,577.1722412109375,342.74200439453125,496.943359375,317.9007568359375,501.5662536621094,501.20166015625,327.81689453125,428.9991455078125,560.7308349609375,673.8157348632812,361.4472351074219,567.7815551757812
78,0.0,0.0,0.0,0.0,0.0,0.0,0.0,0.0,0.0,0.0,556.814453125,354.9241027832031,478.1545715332031,335.00732421875,497.7793884277344,315.1121826171875,486.8465576171875,327.0404052734375,488.9561767578125,248.96099853515625,552.1054077148438,264.1130065917969,573.0621948242188,343.99603271484375,493.6481628417969,322.476806640625,503.0010986328125,498.85400390625,331.15252685546875,430.7015075683594,558.2760620117188,674.337890625,362.70465087890625,571.660888671875
79,0.0,0.0,0.0,0.0,0.0,0.0,0.0,0.0,0.0,0.0,567.2474975585938,373.76483154296875,522.8058471679688,350.79400634765625,529.9319458007812,325.2344665527344,538.5198364257812,319.96148681640625,541.0894775390625,243.508544921875,580.1746826171875,256.08734130859375,570.5869140625,335.6314392089844,513.7323608398438,312.82110595703125,491.8065490722656,496.7916259765625,347.37127685546875,443.5491027832031,554.0985107421875,668.518310546875,362.04351806640625,594.4580078125
80,0.0,0.0,0.0,0.0,0.0,0.0,0.0,0.0,0.0,0.0,533.0504150390625,367.95733642578125,485.2806091308594,347.73828125,505.17413330078125,315.621337890625,482.09967041015625,312.24560546875,501.33740234375,230.03355407714844,520.1223754882812,245.34967041015625,578.017578125,329.7330322265625,520.2616577148438,311.0157470703125,503.3167419433594,493.75897216796875,356.683349609375,448.58636474609375,562.9072875976562,666.7791748046875,365.97991943359375,599.9185180664062
81,0.0,0.0,0.0,0.0,0.0,0.0,0.0,0.0,0.0,0.0,526.0855102539062,359.63568115234375,507.0413818359375,347.32611083984375,504.6640930175781,303.47021484375,486.211181640625,303.3548889160156,504.6700744628906,220.2814483642578,507.30657958984375,237.78656005859375,570.3727416992188,317.7498779296875,534.5912475585938,305.4228515625,489.44036865234375,478.6238708496094,380.43798828125,459.58062744140625,555.162841796875,653.4132080078125,382.185546875,624.0730590820312
82,0.0,0.0,0.0,0.0,0.0,0.0,0.0,0.0,0.0,0.0,645.1710815429688,306.8772888183594,680.649169921875,301.2432861328125,512.53369140625,306.8834228515625,528.9385375976562,306.46356201171875,494.3202819824219,226.07843017578125,504.0187072753906,241.93362426757812,535.19921875,336.5156555175781,544.9948120117188,328.1039123535156,419.8722839355469,461.89886474609375,414.8583068847656,464.04925537109375,478.7823181152344,642.6864013671875,418.7284851074219,646.0789794921875
83,0.0,0.0,0.0,0.0,0.0,0.0,0.0,0.0,0.0,0.0,659.9074096679688,309.10174560546875,657.7532348632812,293.118896484375,536.5145874023438,298.4720764160156,532.9609985351562,303.54730224609375,553.5255737304688,219.09889221191406,527.5263061523438,233.86944580078125,544.7225952148438,343.54132080078125,520.3798828125,327.41741943359375,469.2942199707031,478.5823974609375,362.80169677734375,448.2119445800781,545.6387939453125,660.9093017578125,364.20794677734375,619.223388671875
84,0.0,0.0,0.0,0.0,0.0,0.0,0.0,0.0,0.0,0.0,660.0925903320312,323.8076171875,630.7825317382812,302.5398864746094,514.7667846679688,302.92962646484375,502.9916687011719,309.3018798828125,531.6007690429688,209.74346923828125,503.003662109375,226.2017364501953,559.0490112304688,346.1970520019531,512.7802734375,325.24072265625,487.7901916503906,490.73345947265625,347.353515625,439.05572509765625,560.3674926757812,672.2938232421875,349.7622985839844,597.3933715820312
85,719.98828125,295.7977294921875,737.502685546875,296.471923828125,0.0,0.0,744.6397094726562,318.131103515625,0.0,0.0,662.7591552734375,321.37493896484375,665.2279052734375,301.22015380859375,534.4879760742188,290.5823059082031,534.9810791015625,287.640869140625,529.9801025390625,200.52340698242188,528.1398315429688,210.0000762939453,535.083984375,350.50103759765625,514.7899169921875,331.48468017578125,474.3252868652344,488.2064208984375,363.79095458984375,453.279296875,541.1632690429688,659.6361083984375,357.0011291503906,612.8682861328125
86,0.0,0.0,0.0,0.0,0.0,0.0,0.0,0.0,0.0,0.0,670.098388671875,327.189453125,637.7415161132812,293.1116943359375,539.3121337890625,278.63348388671875,558.7537231445312,270.3503723144531,561.4158325195312,184.78286743164062,573.5054321289062,200.8269500732422,559.9209594726562,347.7849426269531,510.09515380859375,319.88702392578125,494.9417419433594,504.30810546875,343.40460205078125,438.2912902832031,553.5299072265625,672.997802734375,336.7618713378906,585.5382080078125
87,0.0,0.0,0.0,0.0,0.0,0.0,0.0,0.0,0.0,0.0,606.6834716796875,340.09259033203125,542.431640625,321.18212890625,504.8056945800781,238.259033203125,537.8194580078125,256.9991455078125,506.41668701171875,165.38002014160156,574.6245727539062,202.73133850097656,567.8795166015625,350.0516357421875,495.638916015625,326.4657897949219,501.79205322265625,507.08935546875,332.97320556640625,437.2539367675781,568.3408813476562,672.4307861328125,352.0222473144531,569.7406005859375
88,690.6114501953125,297.0555419921875,0.0,0.0,0.0,0.0,754.3231201171875,330.8517150878906,0.0,0.0,677.588623046875,326.6505126953125,635.753173828125,292.2918701171875,519.4319458007812,241.62118530273438,569.6948852539062,242.56991577148438,507.4197998046875,148.93736267089844,576.4768676757812,200.5865936279297,563.4066162109375,357.0420227050781,504.11053466796875,326.6713562011719,497.9314270019531,511.47100830078125,340.61297607421875,432.39031982421875,565.2046508789062,674.12158203125,342.0220642089844,566.5767211914062
89,0.0,0.0,0.0,0.0,0.0,0.0,0.0,0.0,0.0,0.0,572.5440673828125,347.224609375,0.0,0.0,545.5770874023438,241.74960327148438,515.7662353515625,240.1475830078125,525.1161499023438,144.16064453125,524.67724609375,166.93560791015625,582.5711669921875,355.6080322265625,508.8470458984375,331.93304443359375,512.532958984375,508.80609130859375,338.3875732421875,444.966796875,571.326171875,662.7689819335938,361.5906982421875,577.2803955078125
90,0.0,0.0,0.0,0.0,0.0,0.0,0.0,0.0,0.0,0.0,608.3592529296875,339.1116943359375,559.1013793945312,321.923095703125,551.497314453125,237.18997192382812,559.7053833007812,237.89166259765625,514.4972534179688,138.15545654296875,559.5257568359375,177.51600646972656,582.202880859375,351.31756591796875,520.4254150390625,329.0099182128906,501.1698303222656,499.90740966796875,347.772216796875,447.526123046875,569.22998046875,662.6129760742188,359.0074157714844,593.7374877929688
91,0.0,0.0,0.0,0.0,0.0,0.0,0.0,0.0,0.0,0.0,639.7532958984375,317.3056335449219,580.5545654296875,302.71234130859375,548.9912719726562,228.43951416015625,568.455322265625,240.3319091796875,507.7020263671875,137.94488525390625,573.4204711914062,177.28790283203125,589.0728149414062,359.1678771972656,519.6275634765625,337.8652038574219,499.4446105957031,499.31689453125,345.87506103515625,444.0231018066406,560.966064453125,666.2721557617188,360.90350341796875,591.8764038085938
92,0.0,0.0,0.0,0.0,0.0,0.0,0.0,0.0,0.0,0.0,682.4404296875,307.6578063964844,637.07666015625,286.9193115234375,565.3694458007812,239.42919921875,591.71337890625,235.15985107421875,505.75042724609375,135.39614868164062,562.2594604492188,163.64059448242188,586.2128295898438,360.1325378417969,525.0427856445312,338.5736083984375,495.4090881347656,492.54638671875,355.02679443359375,444.7048034667969,564.7940063476562,660.495361328125,356.5930480957031,599.029541015625
93,0.0,0.0,0.0,0.0,0.0,0.0,0.0,0.0,0.0,0.0,661.8584594726562,310.5122375488281,610.3552856445312,290.69598388671875,572.9425048828125,233.21356201171875,575.5811157226562,227.39805603027344,518.0859985351562,126.61227416992188,549.0503540039062,148.03231811523438,590.4066162109375,360.1968994140625,527.2147216796875,337.85833740234375,505.010009765625,495.39013671875,358.50006103515625,442.99847412109375,568.0946044921875,663.9142456054688,360.4490051269531,593.8032836914062
94,0.0,0.0,0.0,0.0,0.0,0.0,0.0,0.0,0.0,0.0,682.5353393554688,320.3043518066406,684.1126098632812,307.291259765625,583.8510131835938,229.63548278808594,668.4426879882812,246.17059326171875,553.0379638671875,134.105712890625,657.8662109375,193.6583709716797,589.0204467773438,339.350341796875,560.681884765625,318.11138916015625,491.0893249511719,493.5975341796875,365.8369140625,448.5664978027344,580.1483154296875,665.7542724609375,358.768310546875,605.22900390625
95,0.0,0.0,0.0,0.0,0.0,0.0,0.0,0.0,0.0,0.0,649.2980346679688,332.8235778808594,673.3143310546875,330.7285461425781,569.95458984375,225.22801208496094,666.373046875,258.9384765625,537.6923828125,116.43338012695312,660.6981811523438,187.26837158203125,575.2967529296875,330.81744384765625,562.9179077148438,316.7886047363281,485.453369140625,481.2261962890625,382.050048828125,455.8104248046875,577.2957763671875,651.501708984375,373.3070068359375,615.712646484375
96,726.2955932617188,300.5520935058594,0.0,0.0,0.0,0.0,0.0,0.0,0.0,0.0,657.942138671875,300.9761047363281,710.2335205078125,299.7340087890625,551.51904296875,214.806396484375,658.5677490234375,244.51980590820312,525.117431640625,109.40786743164062,663.0617065429688,180.3898468017578,545.1882934570312,330.853515625,555.3619384765625,322.01300048828125,446.5162048339844,468.9909362792969,411.83526611328125,464.5679016113281,523.1333618164062,645.19921875,401.1017761230469,638.93212890625
97,730.9541015625,274.1899719238281,743.738037109375,272.6018371582031,0.0,0.0,752.4064331054688,291.4867858886719,0.0,0.0,664.06396484375,292.1764221191406,736.37060546875,294.1220397949219,564.2677612304688,225.18768310546875,705.6820068359375,259.103271484375,535.447509765625,110.18069458007812,724.6251220703125,175.47381591796875,523.776123046875,346.0197448730469,549.9732055664062,336.6820068359375,425.5473937988281,470.82427978515625,415.184326171875,468.24200439453125,491.1678466796875,648.149658203125,421.5380859375,644.7852172851562
98,730.683837890625,279.78131103515625,0.0,0.0,0.0,0.0,742.24951171875,293.2811584472656,0.0,0.0,659.0657958984375,288.26092529296875,713.94921875,297.82037353515625,555.2918090820312,222.1549530029297,708.5514526367188,267.9351806640625,535.1680297851562,124.91131591796875,745.48193359375,194.0537109375,539.6239013671875,339.2120666503906,542.5640258789062,333.7825927734375,483.3870544433594,471.5848388671875,392.3318786621094,461.3004150390625,577.7638549804688,645.4591674804688,378.682373046875,622.7176513671875
99,0.0,0.0,0.0,0.0,0.0,0.0,0.0,0.0,0.0,0.0,597.99072265625,280.8833312988281,603.41748046875,294.2737121582031,560.3008422851562,224.54885864257812,574.4772338867188,253.0931396484375,521.7498168945312,142.49301147460938,588.40869140625,178.2576446533203,565.9596557617188,363.4409484863281,558.7893676757812,360.67486572265625,423.8066101074219,453.9027099609375,422.2865905761719,462.6431579589844,457.03826904296875,636.564208984375,435.3661193847656,639.9305419921875
100,0.0,0.0,0.0,0.0,0.0,0.0,0.0,0.0,0.0,0.0,584.36328125,292.6228332519531,583.9425659179688,299.2068176269531,558.0817260742188,228.28756713867188,567.0909423828125,246.64907836914062,524.0169677734375,145.8143310546875,579.2325439453125,179.9506072998047,563.7782592773438,365.3421325683594,554.1339721679688,359.3380432128906,426.7377014160156,458.24835205078125,425.8164367675781,459.1147155761719,453.5948486328125,640.702392578125,444.1357727050781,635.6226806640625
101,0.0,0.0,0.0,0.0,0.0,0.0,0.0,0.0,0.0,0.0,599.6163940429688,259.8499755859375,540.3587646484375,255.38916015625,559.28515625,246.1845703125,532.80859375,251.26873779296875,541.852783203125,174.74166870117188,541.5291748046875,172.83303833007812,583.5148315429688,368.44635009765625,519.1148071289062,355.877197265625,523.7222290039062,484.3297424316406,360.0965576171875,448.1692199707031,597.168212890625,661.5423583984375,377.7557067871094,606.1361083984375
102,0.0,0.0,0.0,0.0,0.0,0.0,0.0,0.0,0.0,0.0,603.00244140625,281.4864501953125,553.7557983398438,279.7451171875,550.4735717773438,249.98321533203125,552.382080078125,262.9949951171875,522.6793212890625,169.51327514648438,570.7872314453125,184.00352478027344,590.0850219726562,368.2655944824219,530.3181762695312,355.8304138183594,521.4072875976562,484.30242919921875,364.68096923828125,450.4602355957031,591.195068359375,661.9042358398438,377.75128173828125,610.649169921875
103,0.0,0.0,0.0,0.0,0.0,0.0,0.0,0.0,0.0,0.0,617.218505859375,285.1204528808594,637.5339965820312,284.606201171875,540.7564697265625,260.41796875,614.29736328125,280.7499694824219,515.9505004882812,171.44332885742188,640.9795532226562,228.23353576660156,554.0252075195312,369.40625,554.1407470703125,360.24029541015625,420.5805358886719,467.1864013671875,434.21533203125,459.5731506347656,446.5495300292969,643.3803100585938,442.21844482421875,629.90673828125
104,741.1837158203125,317.283447265625,0.0,0.0,0.0,0.0,0.0,0.0,0.0,0.0,648.5751342773438,312.0035095214844,709.2781982421875,306.777099609375,550.3466796875,268.63629150390625,651.0380249023438,281.04119873046875,546.3367919921875,166.35482788085938,687.1380004882812,227.10748291015625,525.7089233398438,348.435791015625,556.4200439453125,340.50958251953125,409.1006774902344,466.6302795410156,477.6269836425781,467.6610107421875,443.39373779296875,637.1043701171875,504.75665283203125,638.8408813476562
105,752.0036010742188,357.06451416015625,0.0,0.0,0.0,0.0,0.0,0.0,0.0,0.0,681.5531005859375,319.9652099609375,708.594482421875,313.691162109375,555.3185424804688,283.3414306640625,628.06787109375,291.34771728515625,537.7083740234375,182.1055450439453,634.0100708007812,209.4316864013672,553.2034301757812,342.67071533203125,540.9301147460938,331.7419738769531,508.07891845703125,482.34912109375,408.17327880859375,466.1539306640625,588.936279296875,653.4203491210938,378.63360595703125,627.7330322265625
106,748.7052001953125,364.92364501953125,0.0,0.0,0.0,0.0,0.0,0.0,0.0,0.0,690.4517822265625,326.59234619140625,693.348876953125,313.9544677734375,574.8731079101562,295.0137634277344,581.717529296875,291.6658935546875,544.4706420898438,194.07281494140625,557.40478515625,197.06187438964844,557.451416015625,347.15380859375,532.1629638671875,332.5014343261719,521.6146850585938,487.2701416015625,398.30181884765625,463.92431640625,593.120361328125,655.6250610351562,369.40191650390625,622.2978515625
107,750.3675537109375,371.6104431152344,0.0,0.0,757.3917846679688,360.1949157714844,0.0,0.0,0.0,0.0,709.5985717773438,323.13104248046875,686.242919921875,309.11712646484375,676.3807983398438,301.17706298828125,591.3096313476562,300.16839599609375,703.8724975585938,216.8247833251953,552.5612182617188,209.66265869140625,573.297119140625,344.7509765625,539.6338500976562,327.51727294921875,524.6119384765625,494.12506103515625,390.2560119628906,465.8466491699219,582.09033203125,656.0029296875,363.6711120605469,619.10205078125
108,0.0,0.0,0.0,0.0,0.0,0.0,0.0,0.0,0.0,0.0,739.4193725585938,341.9034118652344,690.6082763671875,313.3816223144531,628.1538696289062,299.0598449707031,591.7684936523438,293.22100830078125,612.83447265625,191.7976837158203,575.3092651367188,215.3271942138672,595.8320922851562,351.67474365234375,534.8894653320312,325.8538818359375,544.4115600585938,501.3824462890625,382.08612060546875,447.6195068359375,598.1376953125,661.8936157226562,362.67266845703125,595.7861328125
109,756.9640502929688,358.6076965332031,0.0,0.0,0.0,0.0,0.0,0.0,0.0,0.0,756.4808349609375,335.3607482910156,671.390625,311.12408447265625,767.959716796875,354.5158996582031,575.3775634765625,325.4117736816406,799.6708984375,275.5299987792969,539.6898193359375,233.00350952148438,594.1502075195312,361.8529357910156,523.1182250976562,338.00482177734375,528.89404296875,492.233642578125,362.30511474609375,451.34271240234375,592.5576782226562,655.69091796875,357.73388671875,600.44580078125
110,0.0,0.0,0.0,0.0,0.0,0.0,0.0,0.0,0.0,0.0,755.5263671875,328.8040771484375,672.6348266601562,293.94073486328125,677.7442016601562,330.73065185546875,573.915283203125,306.8292236328125,680.725341796875,234.72067260742188,560.818603515625,230.04791259765625,605.2518920898438,365.83734130859375,526.2485961914062,336.197509765625,549.03271484375,500.26409912109375,371.8126220703125,436.82159423828125,600.55615234375,669.14501953125,366.34710693359375,589.21484375
111,751.7540283203125,350.28094482421875,0.0,0.0,0.0,0.0,0.0,0.0,0.0,0.0,737.5090942382812,326.8908386230469,688.5660400390625,301.4092102050781,680.104736328125,333.1214904785156,569.473876953125,311.58526611328125,690.6761474609375,239.474609375,537.0939331054688,237.63262939453125,591.11328125,359.9111328125,537.501220703125,337.6980895996094,529.0701293945312,485.672119140625,387.68597412109375,450.3966369628906,599.8494873046875,660.7228393554688,374.3117980957031,615.4246826171875
112,0.0,0.0,0.0,0.0,0.0,0.0,0.0,0.0,0.0,0.0,734.9107055664062,324.2515563964844,716.9022216796875,307.36328125,640.731201171875,327.1673889160156,581.1162109375,315.0952453613281,625.0642700195312,229.84521484375,543.3150024414062,241.134765625,589.0009765625,348.37890625,554.3861083984375,330.524658203125,514.99609375,475.60687255859375,403.25177001953125,453.5352478027344,593.4849853515625,654.86865234375,384.79510498046875,626.298095703125
113,0.0,0.0,0.0,0.0,0.0,0.0,0.0,0.0,0.0,0.0,760.508544921875,318.2330017089844,710.1494140625,290.77630615234375,645.3765869140625,331.5537414550781,558.387451171875,311.91259765625,627.3513793945312,231.7022247314453,531.5652465820312,246.68585205078125,609.2693481445312,352.3299560546875,551.7116088867188,328.75238037109375,529.2733764648438,482.7167053222656,392.88909912109375,444.52191162109375,596.0753784179688,663.1881103515625,375.556884765625,617.0570068359375
114,0.0,0.0,0.0,0.0,0.0,0.0,0.0,0.0,0.0,0.0,699.532958984375,327.24945068359375,753.7701416015625,330.03680419921875,625.6387939453125,324.3229064941406,612.0192260742188,324.6614074707031,599.5526123046875,239.53274536132812,549.3421630859375,250.10403442382812,551.0296630859375,344.3965759277344,594.7620849609375,341.926025390625,381.6977233886719,442.28558349609375,534.1156616210938,480.5105895996094,394.7073059082031,607.91748046875,575.3809204101562,665.5206298828125
115,0.0,0.0,0.0,0.0,0.0,0.0,0.0,0.0,0.0,0.0,749.850341796875,332.1826171875,739.116943359375,316.37799072265625,651.7467041015625,340.56732177734375,587.2097778320312,312.08740234375,597.2709350585938,271.27392578125,527.2415161132812,252.32052612304688,595.712890625,343.48199462890625,581.3897705078125,327.1829833984375,462.8807067871094,464.8037109375,474.286865234375,457.9566650390625,503.12347412109375,647.881591796875,491.289306640625,642.6036987304688
116,0.0,0.0,0.0,0.0,0.0,0.0,0.0,0.0,0.0,0.0,691.9134521484375,331.4363098144531,711.742919921875,320.7562255859375,570.5697631835938,314.14984130859375,577.6847534179688,301.81103515625,520.7338256835938,250.54302978515625,535.7203979492188,258.6784973144531,587.8637084960938,330.92608642578125,600.3172607421875,320.0186462402344,419.20751953125,458.5812683105469,523.7122192382812,465.47454833984375,430.22186279296875,643.45947265625,560.7769165039062,658.5496215820312
117,0.0,0.0,0.0,0.0,0.0,0.0,0.0,0.0,0.0,0.0,691.2867431640625,347.9544982910156,0.0,0.0,589.9544067382812,329.36578369140625,546.1240844726562,305.57806396484375,524.0014038085938,259.7240905761719,533.9281005859375,257.26324462890625,629.284912109375,333.244873046875,555.9103393554688,309.30865478515625,553.5986328125,492.1197509765625,391.6064147949219,451.78289794921875,609.5858154296875,672.2871704101562,385.0626220703125,626.493896484375
118,0.0,0.0,0.0,0.0,0.0,0.0,0.0,0.0,0.0,0.0,688.06494140625,354.9336853027344,0.0,0.0,595.3060302734375,337.8467712402344,543.30419921875,308.3730163574219,522.8506469726562,267.7313232421875,536.8194580078125,260.2628479003906,636.8184814453125,330.5995178222656,558.0652465820312,305.2742919921875,559.6089477539062,495.71002197265625,392.3060607910156,453.7574462890625,608.605712890625,671.1570434570312,388.1271667480469,626.0479736328125
119,0.0,0.0,0.0,0.0,0.0,0.0,0.0,0.0,0.0,0.0,659.0205688476562,333.19342041015625,586.9322509765625,311.401123046875,580.3931884765625,331.81646728515625,540.5999755859375,323.77069091796875,517.3062744140625,256.92364501953125,551.8509521484375,267.2164001464844,641.320068359375,331.2440490722656,566.7835693359375,308.0220947265625,559.22509765625,490.52825927734375,388.4499816894531,446.5619812011719,605.6591796875,674.2667846679688,392.33856201171875,623.2415161132812
120,0.0,0.0,0.0,0.0,0.0,0.0,0.0,0.0,0.0,0.0,774.45166015625,351.79833984375,696.725830078125,316.8253173828125,694.9373779296875,377.95770263671875,566.231689453125,322.4938049316406,679.6973266601562,330.26171875,521.1937255859375,276.3531494140625,631.9111328125,330.92657470703125,559.2352294921875,304.2813415527344,556.0565185546875,489.6817626953125,392.6690368652344,448.2279052734375,621.5856323242188,661.2301635742188,378.32464599609375,610.6439208984375
121,0.0,0.0,0.0,0.0,0.0,0.0,0.0,0.0,0.0,0.0,771.5938720703125,355.4209289550781,698.0013427734375,317.0355224609375,727.1961669921875,400.6984558105469,551.4024658203125,317.09033203125,744.1046142578125,381.1239013671875,510.99346923828125,270.2005615234375,625.5362548828125,332.9263916015625,559.7705078125,308.01116943359375,559.9856567382812,485.310546875,402.15557861328125,453.4570007324219,631.2195434570312,654.6417236328125,382.44696044921875,612.2798461914062
122,0.0,0.0,0.0,0.0,0.0,0.0,0.0,0.0,0.0,0.0,776.2294311523438,354.7547607421875,703.7804565429688,318.680908203125,709.5224609375,383.1851501464844,575.4953002929688,322.3072509765625,715.3734741210938,339.9121398925781,524.5176391601562,278.5636291503906,630.1171875,330.102294921875,561.4285888671875,302.93536376953125,558.5338134765625,491.4156494140625,397.3501892089844,448.2677001953125,628.1902465820312,662.232421875,378.6051025390625,607.8546142578125
123,0.0,0.0,0.0,0.0,0.0,0.0,0.0,0.0,0.0,0.0,684.866455078125,340.8309631347656,602.9028930664062,313.71844482421875,603.5284423828125,341.9407958984375,596.903564453125,322.2252197265625,534.5447387695312,274.6242980957031,633.184814453125,278.0545654296875,644.7059936523438,334.4843444824219,559.2078857421875,305.9909973144531,568.6638793945312,499.57940673828125,382.6033935546875,437.2150573730469,615.600830078125,677.25048828125,386.56951904296875,600.7450561523438
124,0.0,0.0,0.0,0.0,0.0,0.0,0.0,0.0,0.0,0.0,704.4181518554688,327.5326232910156,635.8460693359375,309.4862365722656,662.5617065429688,342.8813781738281,657.5618286132812,329.847412109375,622.02734375,291.9117736816406,699.503173828125,285.31231689453125,642.5228271484375,332.47039794921875,567.2264404296875,308.705810546875,557.2638549804688,490.66705322265625,390.1907958984375,446.6888732910156,612.0885009765625,673.0419921875,394.3328552246094,621.4696655273438
125,0.0,0.0,0.0,0.0,0.0,0.0,0.0,0.0,0.0,0.0,663.0729370117188,312.43927001953125,583.5844116210938,297.66119384765625,623.260986328125,327.8853759765625,587.155517578125,320.14666748046875,575.3418579101562,274.779052734375,632.2137451171875,275.1942138671875,644.0206909179688,330.49896240234375,564.521484375,309.6651611328125,563.9945678710938,488.559326171875,389.1632385253906,446.4680480957031,616.5989379882812,677.2681274414062,399.41888427734375,625.0603637695312
126,0.0,0.0,0.0,0.0,0.0,0.0,0.0,0.0,0.0,0.0,724.4786987304688,319.54608154296875,0.0,0.0,663.924560546875,314.5724182128906,574.8399047851562,308.9471435546875,637.3993530273438,255.85501098632812,598.157470703125,256.4432067871094,646.3333129882812,336.3153076171875,546.9923706054688,309.1310729980469,572.7775268554688,501.141357421875,380.0806579589844,438.9150390625,614.7036743164062,679.8845825195312,386.3423767089844,601.1285400390625
127,0.0,0.0,0.0,0.0,0.0,0.0,0.0,0.0,0.0,0.0,745.807373046875,309.304931640625,614.3524169921875,275.7420654296875,672.6961059570312,315.708251953125,548.0809936523438,297.19061279296875,657.888671875,247.59872436523438,566.6941528320312,243.0545654296875,647.4609375,346.3587341308594,534.6453857421875,314.80712890625,576.7296142578125,503.68267822265625,371.24859619140625,426.05548095703125,617.3200073242188,682.1519775390625,383.26708984375,581.4178466796875
128,0.0,0.0,0.0,0.0,0.0,0.0,0.0,0.0,0.0,0.0,687.679443359375,294.55914306640625,567.3911743164062,269.4187316894531,643.0191650390625,300.54473876953125,511.261474609375,293.396728515625,643.3505249023438,230.19778442382812,532.3729248046875,231.9740753173828,630.9868774414062,349.6126708984375,528.6845703125,323.7376708984375,576.5655517578125,498.82525634765625,372.5830993652344,432.13409423828125,618.3440551757812,677.7950439453125,387.14251708984375,588.6846923828125
129,0.0,0.0,0.0,0.0,0.0,0.0,0.0,0.0,0.0,0.0,718.2798461914062,291.637939453125,617.6813354492188,267.68096923828125,651.8139038085938,307.34906005859375,509.5695495605469,291.89117431640625,694.146240234375,228.75296020507812,529.9038696289062,223.8325653076172,619.8054809570312,352.418701171875,536.9187622070312,334.349853515625,531.7376708984375,482.13818359375,382.9134521484375,441.7071228027344,606.154541015625,667.6179809570312,410.0668640136719,607.9120483398438
130,730.9071655273438,257.08355712890625,0.0,0.0,0.0,0.0,0.0,0.0,0.0,0.0,767.9971313476562,306.69775390625,639.4016723632812,269.7296142578125,788.921142578125,349.7879943847656,529.0084838867188,298.858154296875,841.2485961914062,271.5771789550781,525.0123901367188,216.52024841308594,614.6217651367188,362.248291015625,516.5106811523438,333.95947265625,561.2348022460938,492.09747314453125,366.9908447265625,437.9119873046875,621.634033203125,671.8121337890625,371.19439697265625,595.4701538085938
131,738.0118408203125,256.7175598144531,0.0,0.0,0.0,0.0,0.0,0.0,0.0,0.0,765.661865234375,304.47564697265625,661.4886474609375,271.6906433105469,770.78759765625,341.4451599121094,596.4137573242188,304.09033203125,821.8655395507812,252.83013916015625,583.5674438476562,209.0927276611328,603.3604736328125,359.6940002441406,516.2652587890625,328.0997314453125,556.359619140625,501.9561767578125,361.62994384765625,427.52423095703125,618.193115234375,679.43408203125,359.74810791015625,574.531005859375
132,785.8153686523438,318.69927978515625,805.1597900390625,312.1975402832031,788.3973388671875,303.1182556152344,0.0,0.0,0.0,0.0,770.2255249023438,330.7068786621094,689.918701171875,285.43804931640625,755.1572265625,329.982421875,592.6713256835938,273.64031982421875,825.5396728515625,241.83523559570312,571.4161987304688,191.762939453125,597.08251953125,353.2349853515625,524.3561401367188,319.3932189941406,554.9406127929688,498.5572509765625,368.5074768066406,426.89068603515625,626.9038696289062,672.2408447265625,359.4311218261719,573.3592529296875
133,0.0,0.0,0.0,0.0,0.0,0.0,0.0,0.0,0.0,0.0,729.4239501953125,291.90142822265625,688.953125,273.5091247558594,552.4879150390625,265.7720947265625,644.010498046875,274.13970947265625,520.5452270507812,176.0894775390625,658.1236572265625,204.70257568359375,606.1520385742188,350.8088073730469,543.8516235351562,330.83685302734375,557.6880493164062,494.63214111328125,395.672119140625,439.7769775390625,619.732177734375,664.0887451171875,383.0450744628906,593.723388671875
134,0.0,0.0,0.0,0.0,0.0,0.0,0.0,0.0,0.0,0.0,722.88037109375,310.51800537109375,750.6813354492188,297.3370666503906,550.1660766601562,261.66748046875,796.5659790039062,279.99920654296875,519.5347900390625,162.43673706054688,828.754638671875,192.3443145751953,598.0525512695312,340.39495849609375,573.6669311523438,319.1849060058594,542.4459838867188,502.6368408203125,384.99383544921875,447.13134765625,628.984130859375,654.7305908203125,366.81158447265625,582.883544921875
135,743.5731201171875,260.4848327636719,0.0,0.0,0.0,0.0,781.6815185546875,276.98602294921875,0.0,0.0,706.2769165039062,288.3258056640625,738.6837768554688,280.5277099609375,581.04345703125,265.915771484375,799.2786254882812,292.9717102050781,539.6695556640625,146.68240356445312,836.0436401367188,185.32992553710938,580.7711791992188,349.1702880859375,562.7890625,330.13433837890625,539.7581787109375,499.08428955078125,379.89569091796875,451.72430419921875,620.120361328125,662.1925048828125,362.6932678222656,599.9161376953125
136,744.9674682617188,257.1136474609375,0.0,0.0,0.0,0.0,0.0,0.0,0.0,0.0,719.4561767578125,279.07305908203125,746.608154296875,281.569580078125,685.7299194335938,271.215087890625,820.5989990234375,304.906494140625,682.2045288085938,143.08055114746094,854.5808715820312,183.08238220214844,578.77490234375,343.45111083984375,569.9789428710938,331.58935546875,503.318603515625,484.2945251464844,409.4569091796875,471.4940185546875,565.8173217773438,638.90771484375,405.0771484375,627.9156494140625
137,0.0,0.0,0.0,0.0,0.0,0.0,0.0,0.0,0.0,0.0,736.1212768554688,284.09869384765625,724.1934814453125,268.8665466308594,665.3987426757812,266.7899475097656,798.2679443359375,276.30126953125,630.1023559570312,136.63653564453125,851.77197265625,172.4468994140625,611.4259033203125,355.52294921875,566.9730224609375,332.1348876953125,554.6272583007812,505.70159912109375,384.8944091796875,451.43414306640625,623.7283935546875,675.0531616210938,371.9894714355469,603.8075561523438
138,0.0,0.0,0.0,0.0,0.0,0.0,0.0,0.0,0.0,0.0,711.6685791015625,276.4894104003906,734.8084106445312,275.072021484375,574.2906494140625,237.22076416015625,796.5354614257812,280.2120361328125,540.3262329101562,120.2288818359375,852.379638671875,183.1121368408203,602.4403686523438,354.02349853515625,576.5830688476562,338.2503662109375,548.91064453125,500.82733154296875,390.8522033691406,456.8885192871094,626.4721069335938,672.6116943359375,377.1717834472656,613.6748657226562
139,0.0,0.0,0.0,0.0,0.0,0.0,0.0,0.0,0.0,0.0,705.038330078125,270.108642578125,750.2474365234375,277.82989501953125,573.5496215820312,219.3590850830078,806.8204956054688,277.086669921875,548.6528930664062,110.40951538085938,856.5947875976562,174.32266235351562,597.0689086914062,353.8921813964844,586.123779296875,342.6202697753906,553.2901000976562,496.794921875,403.1204528808594,461.21142578125,635.0498657226562,668.2001953125,389.35687255859375,618.3807983398438
140,0.0,0.0,0.0,0.0,0.0,0.0,0.0,0.0,0.0,0.0,707.84814453125,262.42376708984375,749.1862182617188,259.0203857421875,586.5126342773438,220.78359985351562,812.189208984375,269.5096740722656,558.9271240234375,107.84783935546875,852.9302978515625,193.945068359375,606.2265625,357.11767578125,594.165283203125,340.6410827636719,580.384033203125,511.94757080078125,424.693115234375,462.3729553222656,653.1974487304688,675.4022216796875,392.51800537109375,610.254638671875
